■ 월별 박스오피스,,,,,,,,,,,,
- 조회일: 2022-01-20,,,,,,,,,,,,
- 출처: 영화진흥위원회 통합전산망 (http://www.kobis.or.kr),,,,,,,,,,,,
▶ 검색조건 [ 조회기간: 202101~202101   영화구분: 전체   국적: 전체   지역: 전체 ],,,,,,,,,,,,
,,,,,,,,,,,,
● 2021년 01월,,,,,,,,,,,,
순위,영화명,개봉일,매출액 ,매출액,누적매출액 ,관객수 ,누적관객수 ,스크린수 ,상영횟수 ,대표국적 ,국적 ,배급사 
,,,,점유율 ,,,,,,,,
1,소울,2021-01-20,"7,936,306,910",50.3%,"7,936,306,910","874,999","874,999","2,018","63,209",미국,미국,월트디즈니컴퍼니코리아 유한책임회사
2,극장판 귀멸의 칼날: 무한열차편,2021-01-27,"1,820,102,670",11.5%,"1,820,102,670","206,309","206,309",380,"5,816",일본,일본,워터홀컴퍼니(주)
3,원더 우먼 1984,2020-12-23,"1,445,202,000",9.2%,"4,935,633,460","155,562","546,548","1,877","38,241",미국,미국,워너브러더스 코리아(주)
4,화양연화,2000-10-20,"478,844,570",3.0%,"878,825,270","52,142","100,156",447,"12,472",홍콩,"홍콩,프랑스",(주)디스테이션
5,세자매,2021-01-27,"354,451,240",2.2%,"354,568,240","42,290","42,301",569,"5,876",한국,한국,(주)리틀빅픽쳐스
6,명탐정 코난: 진홍의 수학여행,2021-01-27,"316,132,440",2.0%,"316,132,440","38,131","38,131",532,"4,670",일본,일본,(주)씨제이이엔엠
7,조제,2020-12-10,"210,969,970",1.3%,"1,884,397,540","23,337","209,984",472,"6,316",한국,한국,워너브러더스 코리아(주)
8,아이 엠 우먼,2021-01-14,"177,552,770",1.1%,"186,954,270","21,913","22,918",494,"6,010",호주,호주,(주)팝엔터테인먼트
9,도굴,2020-11-04,"196,004,260",1.2%,"13,960,684,670","21,729","1,545,243",294,"5,027",한국,한국,(주)씨제이이엔엠
10,뱅가드,2020-12-30,"186,606,800",1.2%,"265,893,700","21,166","31,546",265,"4,777",중국,중국,(주)디스테이션
11,블라인드,2021-01-14,"158,532,100",1.0%,"158,532,100","18,297","18,297",239,"4,359",네덜란드,네덜란드,주식회사 컨텐츠썬
12,#아이엠히어,2021-01-14,"135,795,710",0.9%,"135,795,710","16,290","16,290",432,"4,561",프랑스,프랑스,(주)넥스트엔터테인먼트월드(NEW)
13,빅풋 주니어2: 패밀리가 떴다,2021-01-06,"121,664,630",0.8%,"121,664,630","14,682","14,682",308,"3,462",기타,기타,(주)이수C&E
14,커넥트,2021-01-20,"125,557,510",0.8%,"125,557,510","14,140","14,140",386,"3,947",미국,미국,(주)이수C&E
15,라라랜드,2016-12-07,"81,359,900",0.5%,"30,954,492,708","11,526","3,753,565",78,"1,451",미국,미국,판씨네마(주)
16,미스터 존스,2021-01-07,"94,595,400",0.6%,"94,675,400","10,727","10,743",277,"3,019",폴란드,폴란드,(주)디오시네마
17,늑대와 춤을,1991-03-31,"83,792,920",0.5%,"84,124,920","9,787","9,897",201,"2,214",미국,미국,"(주)더세컨드웨이브,(주)영화특별시에스엠씨"
18,나는 나를 해고하지 않는다,2021-01-28,"76,303,260",0.5%,"81,496,260","9,660","10,318",313,"1,625",한국,한국,(주)영화사 진진
19,캐롤,2016-02-04,"84,175,840",0.5%,"2,840,746,035","9,649","345,862",275,"1,557",미국,"미국,영국",CGV아트하우스
20,북스마트,2021-01-27,"58,561,900",0.4%,"58,561,900","9,435","9,435",163,"1,658",미국,미국,(주)콘텐츠판다
21,완벽한 가족,2021-01-06,"75,268,460",0.5%,"75,268,460","8,659","8,659",318,"2,978",미국,미국,(주)제이앤씨미디어그룹
22,나이팅게일,2020-12-30,"72,337,140",0.5%,"112,682,610","8,340","13,702",307,"2,574",호주,호주,(주)제이앤씨미디어그룹
23,토이 솔져스: 가짜사나이2 더 컴플리트,2021-01-27,"75,326,300",0.5%,"75,326,300","7,991","7,991",155,"1,856",한국,한국,씨제이포디플렉스 주식회사
24,마이 미씽 발렌타인,2021-01-14,"59,948,070",0.4%,"59,948,070","7,796","7,796",153,"1,759",기타,기타,(주)트리플픽쳐스
25,파힘,2021-01-21,"50,366,700",0.3%,"50,366,700","6,547","6,547",165,"1,502",프랑스,프랑스,(주)디스테이션
26,이웃사촌,2020-11-25,"59,825,790",0.4%,"3,707,723,750","6,518","431,282",143,"1,919",한국,한국,"(주)리틀빅픽쳐스,(주)트리니티픽쳐스"
27,테넷,2020-08-26,"62,349,320",0.4%,"18,459,279,170","6,271","1,998,485",20,707,미국,미국,워너브러더스 코리아(주)
28,굿바이,2008-10-30,"45,046,240",0.3%,"947,360,520","5,117","149,345",132,"1,311",일본,일본,"(주)드림팩트엔터테인먼트,㈜케이디미디어"
29,걸,2021-01-07,"44,053,510",0.3%,"46,203,510","4,853","5,068",239,"1,995",독일,독일,(주)리틀빅픽쳐스
30,비긴 어게인,2014-08-13,"33,604,320",0.2%,"27,349,926,741","4,842","3,469,686",34,583,미국,미국,판씨네마(주)
31,런,2020-11-20,"42,820,770",0.3%,"2,603,262,370","4,754","283,573",93,"1,171",미국,미국,(주)올스타엔터테인먼트
32,100% 울프: 푸들이 될 순 없어,2020-12-24,"35,529,400",0.2%,"134,490,620","4,732","17,089",152,"1,172",호주,호주,(주)팝엔터테인먼트
33,나이브스 아웃,2019-12-04,"29,680,500",0.2%,"6,903,591,590","4,285","819,091",33,521,미국,미국,(주)올스타엔터테인먼트
34,러브레터,1999-11-20,"36,909,010",0.2%,"973,595,824","4,044","124,893",62,950,일본,일본,"(주)제이앤씨미디어그룹,와이드 릴리즈(주),(유)조이앤시네마,(주)팝엔터테인먼트"
35,모추어리 컬렉션,2021-01-21,"32,241,800",0.2%,"32,241,800","3,767","3,767",115,"1,017",미국,미국,(주)이놀미디어
36,가을의 마티네,2020-12-31,"24,459,260",0.2%,"26,492,370","3,682","4,003",20,351,일본,일본,찬란
37,극장판 바이올렛 에버가든,2020-11-12,"32,255,130",0.2%,"500,241,620","3,623","58,653",47,614,일본,일본,(주)라이크콘텐츠
38,빛의 아버지: 파이널 판타지 XIV,2021-01-14,"33,151,200",0.2%,"33,151,200","3,541","3,541",98,"1,043",일본,일본,(주)디스테이션
39,운디네,2020-12-24,"29,106,630",0.2%,"57,906,020","3,222","6,709",38,690,독일,독일,M&M 인터내셔널
40,타임 패러독스,2015-01-07,"20,605,000",0.1%,"668,206,408","3,030","85,533",33,482,호주,호주,(유)조이앤시네마
41,신과함께-죄와 벌,2017-12-20,"19,855,450",0.1%,"115,727,528,087","2,876","14,414,658",109,"1,311",한국,한국,롯데쇼핑㈜롯데엔터테인먼트
42,사일런싱,2021-01-28,"22,311,180",0.1%,"22,311,180","2,873","2,873",89,352,미국,미국,(주)홈초이스
43,큰엄마의 미친봉고,2021-01-21,"19,344,740",0.1%,"19,344,740","2,802","2,802",67,506,한국,한국,(주)백그림
44,더 시크릿,2021-01-21,"19,534,860",0.1%,"19,534,860","2,796","2,796",72,523,영국,영국,"TCO(주)더콘텐츠온,(주)스튜디오디에이치엘"
45,인터스텔라,2014-11-06,"26,047,500",0.2%,"82,837,208,500","2,605","10,326,240",17,206,미국,"미국,영국",워너브러더스 코리아(주)
46,래시 컴 홈,2021-01-07,"15,022,450",0.1%,"15,022,450","2,498","2,498",15,170,독일,독일,찬란
47,관계의 가나다에 있는 우리는,2021-01-28,"17,658,070",0.1%,"19,334,070","2,380","2,620",39,170,한국,한국,(주)시네마달
48,미스터 보스,2020-12-30,"19,805,040",0.1%,"34,516,640","2,313","4,267",162,903,한국,한국,"(주)스톰픽쳐스코리아,와이드 릴리즈(주)"
49,타오르는 여인의 초상,2020-01-16,"18,988,000",0.1%,"1,276,782,838","2,253","151,666",16,203,프랑스,프랑스,"그린나래미디어(주),(주)홈초이스"
50,썸머 85,2020-12-24,"20,002,600",0.1%,"83,488,990","2,200","9,487",82,740,기타,기타,찬란
51,메멘토,2001-08-24,"14,504,000",0.1%,"364,130,800","2,091","48,801",33,407,미국,미국,"(주)디스테이션,(주)팝엔터테인먼트"
52,너의 이름은.,2017-01-04,"14,765,110",0.1%,"30,062,094,896","2,080","3,736,575",26,387,일본,일본,메가박스중앙(주)플러스엠
53,제이티 르로이,2021-01-21,"16,266,700",0.1%,"17,022,700","1,977","2,053",93,714,미국,미국,(주)영화사 빅
54,더 렌탈 : 소리없는 감시자,2020-09-16,"9,759,000",0.1%,"70,053,280","1,951","9,427",15,19,미국,미국,(주)제이앤씨미디어그룹
55,어바웃 타임,2013-12-05,"13,373,000",0.1%,"25,268,846,800","1,928","3,443,585",65,299,영국,영국,유니버설픽쳐스인터내셔널 코리아(유)
56,아웃포스트,2020-09-23,"11,751,000",0.1%,"440,284,870","1,923","53,304",7,21,미국,미국,(주)제이앤씨미디어그룹
57,라스트 프론티어,2021-01-14,"10,824,500",0.1%,"10,824,500","1,840","1,840",20,159,러시아,러시아,(주)까멜리아이엔티
58,키드,1989-12-15,"14,873,840",0.1%,"17,251,840","1,641","2,062",34,334,프랑스,프랑스,(주)엣나인필름
59,에이바,2020-09-09,"8,135,000",0.1%,"191,734,250","1,627","25,444",3,11,미국,미국,(주)제이앤씨미디어그룹
60,리플레이,2020-12-16,"11,587,940",0.1%,"103,182,310","1,586","12,692",26,324,미국,미국,(주)다자인소프트
61,노팅 힐,1999-07-03,"10,331,500",0.1%,"545,556,582","1,529","67,035",41,478,미국,"미국,영국",유니버설픽쳐스인터내셔널 코리아(유)
62,언플랜드,2020-12-17,"10,945,490",0.1%,"122,032,160","1,430","14,394",31,255,미국,미국,(주)영화사오원
63,폰조,2020-10-14,"8,044,000",0.1%,"219,803,310","1,379","26,762",3,9,미국,미국,(주)키다리이엔티
64,신과함께-인과 연,2018-08-01,"9,677,190",0.1%,"102,687,407,599","1,364","12,277,723",86,631,한국,한국,롯데컬처웍스(주)롯데엔터테인먼트
65,"내 어깨 위 고양이, 밥 2",2020-12-24,"11,756,570",0.1%,"55,306,190","1,347","6,378",70,433,영국,영국,(주)영화특별시에스엠씨
66,크루아상,2021-01-21,"11,463,450",0.1%,"11,463,450","1,221","1,221",42,298,한국,한국,하준사
67,내가 죽던 날,2020-11-12,"6,051,000",0.0%,"2,141,447,020","1,210","234,322",4,9,한국,한국,워너브러더스 코리아(주)
68,라이어트: 기계들의 역습,2020-12-23,"6,025,000",0.0%,"11,950,900","1,205","2,278",7,39,미국,미국,(주)노바이앤티
69,럭키 몬스터,2020-12-03,"6,834,270",0.0%,"38,331,580","1,135","5,042",11,72,한국,한국,(주)영화사 그램
70,1917,2020-02-19,"8,201,900",0.1%,"7,932,924,860","1,112","878,129",21,158,미국,미국,(주)스마일이엔티
71,누군가 어디에서 나를 기다리면 좋겠다,2020-12-17,"7,107,700",0.0%,"31,003,550","1,091","4,072",14,139,프랑스,프랑스,(주)영화사 진진
72,800,2020-12-10,"6,330,700",0.0%,"141,698,200","1,076","16,625",13,70,중국,중국,"TCO(주)더콘텐츠온,(주)디스테이션"
73,러브 액츄얼리,2003-12-05,"9,379,310",0.1%,"2,323,516,628","1,033","327,216",36,229,미국,"미국,영국","(주)제이앤씨미디어그룹,와이드 릴리즈(주),UIP코리아,(유)조이앤시네마"
74,족벌 두 신문 이야기,2021-01-01,"7,879,400",0.0%,"9,815,400","1,030","1,272",10,181,한국,한국,(주)엣나인필름
75,다크 나이트,2008-08-06,"10,015,000",0.1%,"28,206,927,040","1,001","4,228,208",1,10,미국,미국,"주식회사 해리슨앤컴퍼니,워너브러더스 코리아(주)"
76,438일,2021-01-21,"7,872,810",0.0%,"7,872,810","1,000","1,000",40,289,기타,기타,(주)에스와이코마드
77,고백,2021-02-24,"4,991,000",0.0%,"4,991,000",973,973,9,12,한국,한국,(주)리틀빅픽쳐스
78,마라가 큰 결정을 해야 해,2021-01-07,"7,475,940",0.0%,"7,475,940",856,856,79,494,미국,미국,(주)영화사오원
79,천사는 바이러스,2021-01-06,"6,115,710",0.0%,"6,205,710",816,833,44,357,한국,한국,주식회사 씨엠닉스
80,라빠르망,1997-03-22,"5,251,000",0.0%,"70,884,500",807,"11,759",20,245,프랑스,프랑스,(주)디스테이션
81,요요현상,2021-01-14,"7,695,840",0.0%,"8,576,340",804,930,27,263,한국,한국,영화배급협동조합 씨네소파
82,나의 작은 동무,2021-01-14,"6,526,440",0.0%,"6,526,440",777,777,40,311,기타,기타,(주)라이크콘텐츠
83,어거스트 러쉬,2007-11-29,"4,561,500",0.0%,"14,363,979,500",644,"2,230,516",33,129,미국,미국,"(주)영화사 그램,CJ ENM"
84,원 데이,2012-12-13,"4,379,000",0.0%,"1,694,911,800",633,"227,726",32,129,미국,미국,"(주)영화사 그램,(주)제이앤씨미디어그룹,(주)팝파트너스"
85,부활: 그 증거,2020-10-08,"4,512,500",0.0%,"243,582,320",619,"29,999",3,37,한국,한국,(주)영화사 진진
86,함께 있을 수 있다면,2020-12-24,"4,768,140",0.0%,"15,876,610",612,"2,053",17,161,프랑스,프랑스,(주)영화사 진진
87,추억의 검정고무신,2020-11-19,"5,238,000",0.0%,"162,083,100",582,"20,113",6,6,한국,한국,(주)대교 미디어콘텐츠사업본부
88,귀여운 남자,2021-01-14,"4,376,470",0.0%,"4,376,470",546,546,41,277,한국,한국,(주)드림팩트엔터테인먼트
89,페이트 스테이 나이트 헤븐즈필 제3장 스프링 송,2020-10-22,"5,467,110",0.0%,"701,708,430",526,"77,313",3,62,일본,일본,(주)애니플러스
90,스웨그,2020-12-10,"4,561,480",0.0%,"30,300,660",501,"3,214",1,27,한국,한국,(주)영화사오원
91,전쟁,2020-12-30,"3,392,860",0.0%,"4,762,860",496,708,24,191,미국,미국,(주)제이앤씨미디어그룹
92,삼진그룹 영어토익반,2020-10-21,"4,438,400",0.0%,"13,985,852,870",484,"1,571,770",13,115,한국,한국,롯데컬처웍스(주)롯데엔터테인먼트
93,덩케르크,2017-07-20,"4,810,000",0.0%,"24,699,211,848",481,"2,805,219",1,6,미국,"미국,영국",워너브러더스 코리아(주)
94,골든맨,2021-01-27,"3,326,600",0.0%,"3,326,600",441,441,25,114,이탈리아,이탈리아,예지림엔터테인먼트
95,베토벤 프로젝트,2020-07-12,"4,650,000",0.0%,"22,589,000",408,"1,459",1,14,독일,독일,(주)케빈앤컴퍼니
96,게임의 법칙: 인간사냥,2021-01-28,"3,011,000",0.0%,"3,011,000",381,381,16,80,한국,한국,(주)제이앤씨미디어그룹
97,극장판 바다 탐험대 옥토넛 : 대산호초 보호작전,2020-11-12,"2,502,000",0.0%,"174,741,000",370,"25,985",9,85,영국,영국,와이드 릴리즈(주)
98,레전더리 콘서트: 레너드 번스타인,2021-01-03,"10,132,500",0.1%,"10,132,500",366,366,13,101,독일,독일,(주)케빈앤컴퍼니
99,뮤직 앤 리얼리티,2020-12-23,"3,083,440",0.0%,"13,118,390",350,"1,502",13,119,한국,"한국,미국","(주)미로스페이스,(주)스튜디오 보난자"
100,사라센의 칼,2021-01-14,"3,045,000",0.0%,"3,045,000",348,348,14,110,한국,한국,(주)콘텐츠윙
101,토스카,2020-12-01,"8,075,650",0.1%,"20,175,850",325,684,10,72,이탈리아,이탈리아,일미디어
102,가나의 혼인잔치: 언약,2020-11-26,"2,825,410",0.0%,"120,042,330",323,"13,677",14,125,미국,미국,"(재)CBS,주식회사 블루필름웍스"
103,피아니스트의 마지막 인터뷰,2020-11-19,"2,996,050",0.0%,"70,499,160",321,"8,418",5,63,캐나다,캐나다,판씨네마(주)
104,"오늘, 우리 2",2021-01-21,"2,633,200",0.0%,"2,633,200",317,317,14,104,한국,한국,필름다빈
105,나이트 언데드,2021-01-27,"1,585,000",0.0%,"1,585,000",311,311,20,27,미국,미국,(주)원더스컴퍼니
105,몬스터 헌터,2021-02-10,"5,287,000",0.0%,"5,287,000",311,311,1,1,미국,미국,소니픽쳐스엔터테인먼트코리아주식회사극장배급지점
107,내언니전지현과 나,2020-12-03,"2,439,500",0.0%,"22,096,300",306,"2,612",6,89,한국,한국,호우주의보
108,극장판 기븐,2020-11-26,"3,068,980",0.0%,"36,194,770",301,"4,127",3,52,일본,일본,(주)애니플러스
109,선샤인 패밀리,2020-12-31,"2,312,470",0.0%,"3,480,570",281,414,21,102,한국,"한국,필리핀",시네마 뉴원
110,그린랜드,2020-09-29,"2,610,000",0.0%,"2,780,334,520",261,"326,130",3,3,미국,미국,"(주)제이앤씨미디어그룹,TCO(주)더콘텐츠온"
110,장 미쉘 바스키아: 더 레이디언트 차일드,2020-12-09,"2,360,400",0.0%,"7,979,100",261,869,10,143,미국,미국,"해피송,롯데컬처웍스(주)롯데엔터테인먼트"
112,겨울밤에,2020-12-10,"1,972,000",0.0%,"15,727,370",251,"1,916",6,83,한국,한국,㈜인디스토리
113,펀치 드렁크 러브,2003-05-08,"2,485,000",0.0%,"33,415,400",237,"3,741",4,24,미국,미국,콜럼비아트라이스타
114,피델리오,2020-05-31,"2,684,000",0.0%,"14,148,800",236,712,1,14,독일,독일,(주)케빈앤컴퍼니
115,디노소어 어드벤쳐,2021-01-27,"1,718,070",0.0%,"1,718,070",227,227,26,113,미국,미국,(주)제이앤씨미디어그룹
116,글루미 선데이,2000-10-21,"1,839,000",0.0%,"194,025,900",217,"24,864",2,36,독일,독일,(주)팝엔터테인먼트
117,리골레토,2013-09-28,"5,375,500",0.0%,"32,772,500",216,"1,298",7,38,미국,미국,(주) 인스터 글로벌
118,찬실이는 복도 많지,2020-03-05,"1,587,500",0.0%,"252,200,330",211,"29,419",3,47,한국,한국,찬란
119,금의위 3인의 무사,2021-01-21,"941,000",0.0%,"943,000",210,212,20,40,중국,중국,(유)조이앤시네마
120,맥베스,2018-10-07,"4,354,400",0.0%,"35,454,900",205,"1,519",7,32,독일,독일,(주)케빈앤컴퍼니
120,날씨의 아이,2019-10-30,"1,844,120",0.0%,"5,860,088,710",205,"715,049",2,19,일본,일본,"메가박스중앙(주)플러스엠,(주)미디어캐슬,워터홀컴퍼니(주)"
122,밈 전쟁: 개구리 페페 구하기,,"1,780,000",0.0%,"1,885,000",202,217,1,4,미국,미국,주식회사 왓챠
123,돌멩이,2020-10-15,"2,010,000",0.0%,"152,793,400",201,"18,323",1,1,한국,한국,(주)리틀빅픽쳐스
124,인투 더 미러,2021-02-17,"2,000,000",0.0%,"2,000,000",200,200,1,2,캐나다,캐나다,(주)팝엔터테인먼트
125,톰보이,2020-05-14,"1,908,000",0.0%,"281,127,620",198,"31,497",1,5,프랑스,프랑스,(주)영화특별시에스엠씨
126,마틴 에덴,2020-10-29,"1,209,000",0.0%,"143,383,430",197,"15,593",3,49,이탈리아,이탈리아,알토미디어(주)
126,스윙키즈,2018-12-19,"1,993,780",0.0%,"12,096,664,072",197,"1,473,322",1,15,한국,한국,(주)넥스트엔터테인먼트월드(NEW)
128,이 안에 외계인이 있다,2021-02-03,"1,764,000",0.0%,"1,764,000",196,196,2,4,한국,한국,"(주)스톰픽쳐스코리아,와이드 릴리즈(주)"
128,시간의 끝에서 널 기다려,2021-02-17,"1,568,000",0.0%,"1,568,000",196,196,2,4,홍콩,홍콩,(주)디스테이션
128,드림빌더,2021-02-10,"1,764,000",0.0%,"1,764,000",196,196,4,4,기타,기타,(주)트리플픽쳐스
131,워락,,"480,000",0.0%,"15,026,000",192,"7,481",1,11,미국,미국,
132,해리가 샐리를 만났을 때,1989-11-18,"1,768,000",0.0%,"186,284,700",191,"22,804",3,29,미국,미국,"(주)키다리이엔티,콜럼비아 픽쳐스 코포레이션"
133,초대받은 배달부,2021-01-01,"1,066,000",0.0%,"1,066,000",179,179,20,20,한국,한국,선셋 시네마
134,쇼걸,1995-11-18,"1,055,840",0.0%,"17,103,040",175,"2,971",4,33,미국,미국,"(주)콘텐츠패밀리,주식회사 풍경소리"
135,루비 스팍스,2018-05-10,"2,090,000",0.0%,"264,537,400",172,"29,980",2,20,미국,미국,(주)팝엔터테인먼트
136,미세스 잘주리 미스 안주리,2021-01-07,"935,000",0.0%,"935,000",170,170,21,21,한국,한국,(주)컨텐츠 빌리지
136,철도원,2000-02-04,"1,079,000",0.0%,"10,844,000",170,"2,151",2,27,일본,일본,
138,워터 릴리스,2020-08-13,"1,607,000",0.0%,"101,572,032",164,"11,856",1,5,프랑스,프랑스,(주)영화특별시에스엠씨
139,파티마의 기적,2020-12-03,"1,108,500",0.0%,"133,755,600",161,"16,723",5,39,미국,미국,(주)디스테이션
140,잔칫날,2020-12-02,"1,169,570",0.0%,"86,749,060",158,"11,215",4,46,한국,한국,(주)트리플픽쳐스
141,사랑의 블랙홀,1993-12-04,"1,537,000",0.0%,"18,928,000",152,"2,194",3,20,미국,미국,
142,300 스파르탄,,"380,000",0.0%,"10,661,000",150,"5,323",1,8,미국,미국,
143,닥터 지바고,1978-01-01,"761,000",0.0%,"37,655,500",145,"16,980",1,3,미국,미국,
144,남매의 여름밤,2020-08-20,"1,143,000",0.0%,"180,917,602",144,"21,774",4,40,한국,한국,그린나래미디어(주)
145,붉은 눈,2020-12-24,"765,370",0.0%,"1,965,370",139,379,2,14,일본,일본,(주)미디어캐슬
146,호프,2020-12-17,"1,025,940",0.0%,"30,516,010",137,"3,604",6,48,기타,기타,(주)이놀미디어
147,트랜짓,2020-07-02,"1,054,000",0.0%,"44,270,160",128,"5,214",2,5,독일,독일,M&M 인터내셔널
148,오버 드라이브,,"1,415,770",0.0%,"1,415,770",126,126,1,7,일본,일본,(주)미디어캐슬
149,서복,2021-04-15,"875,000",0.0%,"875,000",125,125,1,1,한국,한국,(주)씨제이이엔엠
150,블레이드 러너 2049,2017-10-12,"1,370,900",0.0%,"2,791,827,965",122,"324,163",3,13,미국,미국,소니픽쳐스엔터테인먼트코리아주식회사극장배급지점
150,하트,2020-02-27,"1,038,000",0.0%,"8,091,500",122,"1,034",3,25,한국,한국,필름다빈
152,평범한 연인들,,"683,000",0.0%,"2,961,000",120,514,1,7,프랑스,프랑스,
153,피아노,1993-09-25,"606,000",0.0%,"30,999,500",115,"5,680",1,4,호주,호주,(주)팝엔터테인먼트
154,일 포스티노,1996-03-09,"633,000",0.0%,"114,070,100",113,"15,260",1,4,이탈리아,"이탈리아,프랑스",(주)영화사 진진
154,문신,,"780,000",0.0%,"1,292,000",113,240,1,2,일본,일본,
156,포제서,2021-03-11,"1,161,000",0.0%,"1,161,000",111,111,1,2,캐나다,캐나다,(주)제이앤씨미디어그룹
157,레베카,,"577,000",0.0%,"37,345,800",108,"5,629",1,3,미국,미국,
158,노트북,2004-11-26,"1,080,500",0.0%,"4,636,218,200",107,"651,412",2,21,미국,미국,"(주)퍼스트런,TCO(주)더콘텐츠온,글뫼 주식회사,CJ ENM"
159,방랑기,,"711,000",0.0%,"3,293,000",104,566,1,2,일본,일본,
160,석류의 빛깔,,"556,000",0.0%,"2,803,000",101,483,1,3,소련,소련,
161,간이역,2021-02-18,"882,000",0.0%,"882,000",98,98,2,2,한국,한국,(주)드림팩트엔터테인먼트
161,맨체스터 바이 더 씨,2017-02-15,"775,000",0.0%,"448,873,900",98,"55,996",1,5,미국,미국,THE 픽쳐스
163,소년시절의 너,2020-07-09,"555,000",0.0%,"622,785,500",97,"73,638",2,9,중국,중국,"(주)영화특별시에스엠씨,(주)콘텐츠패밀리"
164,비브르 사 비,1997-05-03,"813,000",0.0%,"24,929,000",96,"3,260",1,5,프랑스,프랑스,"알토미디어(주),㈜영화사 백두대간"
165,가스등,,"483,000",0.0%,"9,821,000",91,"4,466",1,3,미국,미국,
166,마지막 휴가,2020-12-10,"712,000",0.0%,"9,561,000",89,"1,164",1,5,한국,한국,(주)드림팩트엔터테인먼트
167,뜨거운 것이 좋아,,"939,500",0.0%,"28,856,000",87,"8,684",4,12,미국,미국,
168,에이리,2021-07-16,"926,540",0.0%,"926,540",86,86,1,5,일본,일본,(주)미디어캐슬
169,초속5센티미터,2007-06-21,"806,210",0.0%,"265,944,952",84,"44,178",1,7,일본,일본,"(주)미디어캐슬,대원디지털엔터테인먼트,(주)팝엔터테인먼트"
170,레토,2019-01-03,"892,000",0.0%,"202,443,672",83,"22,928",1,4,러시아,"러시아,프랑스","(주)엣나인필름,플레이리스트(주)"
171,어게인,2020-07-30,"812,000",0.0%,"9,435,500",82,"1,183",1,2,한국,한국,(주)에스와이코마드
171,아내는 고백한다,,"551,000",0.0%,"2,043,000",82,410,1,2,일본,일본,
173,아키츠 온천,,"525,000",0.0%,"1,080,000",81,192,1,2,일본,일본,
174,우리 생애 최고의 해,,"407,000",0.0%,"4,528,884",79,"3,575",1,3,미국,미국,
175,이름 없이 가난하고 아름답게,,"536,000",0.0%,"536,000",78,78,1,2,일본,일본,
175,해바라기,1982-11-14,"818,000",0.0%,"26,562,000",78,"11,757",1,5,이탈리아,이탈리아,
177,"딸, 아내, 엄마",,"498,000",0.0%,"1,484,000",75,246,1,2,일본,일본,
178,세이사쿠의 아내,,"494,000",0.0%,"3,197,000",74,550,1,2,일본,일본,
178,달콤한 인생,,"781,000",0.0%,"13,811,000",74,"4,248",1,7,이탈리아,"이탈리아,프랑스",
180,연애편지,,"465,000",0.0%,"465,000",73,73,1,2,일본,일본,
181,라 보엠,2020-11-29,"1,828,900",0.0%,"9,719,400",72,379,6,15,독일,독일,(주)케빈앤컴퍼니
182,페어웰,2021-02-04,"710,000",0.0%,"6,444,000",71,818,1,1,미국,"미국,중국",오드
182,프록시마 프로젝트,2020-10-15,"417,000",0.0%,"37,366,750",71,"4,343",1,13,프랑스,프랑스,(주)영화사 진진
182,담보,2020-09-29,"609,000",0.0%,"14,749,476,550",71,"1,719,592",3,32,한국,한국,(주)씨제이이엔엠
185,인 디 아일,2018-11-22,"578,000",0.0%,"87,454,900",70,"10,203",1,5,독일,독일,M&M 인터내셔널
185,토탈 이클립스,1995-12-02,"376,000",0.0%,"376,000",70,70,1,3,영국,"영국,프랑스,벨기에",
187,여자들만의 밤,,"432,000",0.0%,"432,000",69,69,1,2,일본,일본,
187,호프만 이야기,,"353,000",0.0%,"2,510,000",69,375,1,3,영국,영국,
189,갇힌 여인,2005-12-23,"359,000",0.0%,"12,339,000",68,"1,896",1,3,프랑스,"프랑스,벨기에",(주)이모션픽처스
190,가슴이여 영원히,,"447,000",0.0%,"447,000",66,66,1,2,일본,일본,
190,달이 떠오른다,,"428,000",0.0%,"428,000",66,66,1,2,일본,일본,
190,내 모든 것을 다주어도,1977-01-01,"132,000",0.0%,"2,484,000",66,"1,242",2,10,미국,미국,
190,블루 벨벳,1992-10-17,"359,000",0.0%,"43,072,900",66,"5,317",1,3,미국,미국,(주)유로커뮤니케이션
190,순수한 사람들,,"688,000",0.0%,"8,585,000",66,"1,289",1,4,이탈리아,"이탈리아,프랑스",
190,무드 인디고,2014-12-11,"551,000",0.0%,"378,654,230",66,"47,064",1,5,프랑스,"프랑스,벨기에",(주)프레인글로벌
196,여자라는 것,,"439,000",0.0%,"439,000",65,65,1,2,일본,일본,
197,이다,2015-02-18,"630,000",0.0%,"120,991,345",63,"15,883",1,1,폴란드,"폴란드,덴마크",시네마 뉴원
197,불꽃과 여자,,"406,000",0.0%,"611,000",63,104,1,2,일본,일본,
197,미션 파서블,2021-02-17,"567,000",0.0%,"567,000",63,63,1,1,한국,한국,(주)메리크리스마스
200,너의 췌장을 먹고 싶어,2018-11-15,"559,570",0.0%,"413,704,075",62,"52,912",1,5,일본,일본,(주)넥스트엔터테인먼트월드(NEW)
200,성춘향,1961-01-28,"175,000",0.0%,"19,215,000",62,"9,590",1,9,한국,한국,
202,제리 맥과이어,1997-02-01,"405,000",0.0%,"40,530,400",61,"5,519",2,16,미국,미국,(주)피터팬픽쳐스
202,동경의 황혼,,"412,000",0.0%,"5,359,000",61,876,1,2,일본,일본,
204,우리 청춘 후회 없다,,"390,000",0.0%,"390,000",60,60,1,2,일본,일본,
204,인턴의 입사교육,2021-01-14,"300,000",0.0%,"300,000",60,60,1,1,일본,일본,(주)라온컴퍼니플러스
204,황금화 : 엄마의 일기,2021-01-25,"300,000",0.0%,"300,000",60,60,1,1,홍콩,홍콩,(주)라온컴퍼니플러스
204,에이전트 미스터 찬,2021-01-25,"300,000",0.0%,"300,000",60,60,1,1,중국,중국,(주)라온컴퍼니플러스
204,기운센 시아버지,2021-01-22,"300,000",0.0%,"300,000",60,60,1,1,일본,일본,(주)라온컴퍼니플러스
204,이모네 미용실 문 닫는 날,2021-01-25,"300,000",0.0%,"300,000",60,60,1,1,한국,한국,(주)가온콘텐츠
204,해브 어 나이스 데이,2021-01-25,"300,000",0.0%,"300,000",60,60,1,1,중국,중국,(주)라온컴퍼니플러스
204,18 성인배우 이수의 섹스 판타지,2021-01-26,"300,000",0.0%,"300,000",60,60,1,1,한국,한국,케이엘 픽쳐스
204,18 클럽녀 새봄의 섹스 파티,2021-01-04,"300,000",0.0%,"300,000",60,60,1,1,한국,한국,케이엘 픽쳐스
204,예쁜 여동생 5,2021-01-25,"300,000",0.0%,"300,000",60,60,1,1,한국,한국,케이엘 픽쳐스
204,미스캡틴 : 섹시 히어로즈,2021-01-14,"300,000",0.0%,"300,000",60,60,1,1,미국,미국,(주)픽쳐레스크
204,섹스 소녀12,2021-01-03,"300,000",0.0%,"300,000",60,60,1,1,한국,한국,케이엘 픽쳐스
204,2020년 마지막 섹스,2021-01-07,"300,000",0.0%,"300,000",60,60,1,1,한국,한국,케이엘 픽쳐스
204,섹스 소녀 11,2021-01-02,"300,000",0.0%,"300,000",60,60,1,1,한국,한국,케이엘 픽쳐스
204,어른장난감 : 제가 해드려요?,2021-01-22,"300,000",0.0%,"300,000",60,60,1,1,한국,한국,(주)담화
204,맛동생,2021-01-08,"300,000",0.0%,"300,000",60,60,1,1,한국,한국,(주)담화
204,너튜브 : 3인의 맛집,2021-01-08,"300,000",0.0%,"300,000",60,60,1,1,한국,한국,(주)담화
204,막나가는 남편후배,2021-01-22,"300,000",0.0%,"300,000",60,60,1,1,일본,일본,(주)라온컴퍼니플러스
204,여직원의 육체영업,2021-01-22,"300,000",0.0%,"300,000",60,60,1,1,일본,일본,(주)라온컴퍼니플러스
204,스트레스 제로,2021-02-03,"300,000",0.0%,"300,000",60,60,1,1,한국,한국,(주)트리플픽쳐스
204,소녀 소리를 보는 소녀,2021-01-08,"300,000",0.0%,"300,000",60,60,1,1,한국,한국,(주)가온콘텐츠
204,마녀 마음을 듣는 소녀,2021-01-08,"300,000",0.0%,"300,000",60,60,1,1,한국,한국,(주)가온콘텐츠
204,미소녀 파라다이스 베이글녀 마을,2021-01-12,"300,000",0.0%,"300,000",60,60,1,1,한국,한국,(주)가온콘텐츠
204,18 BJ 하연의 화려한 테크닉,2021-01-12,"300,000",0.0%,"300,000",60,60,1,1,한국,한국,케이엘 픽쳐스
204,예쁜 여동생 4,2021-01-18,"300,000",0.0%,"300,000",60,60,1,1,한국,한국,케이엘 픽쳐스
204,구멍청소부,2021-01-06,"300,000",0.0%,"300,000",60,60,1,1,일본,일본,(주)라온컴퍼니플러스
230,아이덴티피케이션 오브우먼(보디우먼),1989-11-25,"612,000",0.0%,"1,764,000",59,270,1,3,이탈리아,이탈리아,
230,밴드 웨건,,"118,000",0.0%,"4,448,000",59,"2,211",1,12,미국,미국,
230,그리고 우린 춤을 추었다,2020-11-25,"620,410",0.0%,"53,405,810",59,"6,062",1,10,프랑스,프랑스,(주)엣나인필름
230,걸후드,2020-11-12,"554,000",0.0%,"105,280,500",59,"12,212",1,4,프랑스,프랑스,(주)영화특별시에스엠씨
234,꽁치의 맛,,"397,000",0.0%,"8,695,000",57,"1,327",1,2,일본,일본,
235,정염,,"360,000",0.0%,"680,000",56,120,1,2,일본,일본,
235,윤희에게,2019-11-14,"549,000",0.0%,"977,180,609",56,"122,744",1,7,한국,한국,(주)리틀빅픽쳐스
235,백치,,"390,000",0.0%,"814,000",56,162,1,2,일본,일본,
238,나는 결백하다,,"137,500",0.0%,"12,118,500",53,"5,278",1,6,미국,미국,동양물산
238,전쟁과 애욕,,"106,000",0.0%,"3,612,000",53,"1,732",1,6,미국,미국,
238,천국이 허락한 모든 것,,"132,500",0.0%,"7,187,500",53,"3,242",1,5,미국,미국,
238,공작부인,,"273,000",0.0%,"2,282,000",53,"1,044",1,3,미국,미국,
238,피아니스트의 전설,2020-01-01,"368,000",0.0%,"393,756,462",53,"49,390",1,2,이탈리아,이탈리아,(주)라이크콘텐츠
243,"그리고, 살아간다",,"472,240",0.0%,"472,240",52,52,1,9,일본,일본,(주)미디어캐슬
243,아비정전,1990-12-22,"327,000",0.0%,"168,709,600",52,"24,104",1,11,홍콩,홍콩,(주)디스테이션
245,오르페우스,,"275,000",0.0%,"2,131,000",51,894,1,3,프랑스,프랑스,
246,페임,2009-09-24,"334,000",0.0%,"4,716,897,180",50,"643,088",1,2,미국,미국,"(주)다자인소프트,롯데쇼핑㈜롯데엔터테인먼트"
246,우정어린 설복,,"125,000",0.0%,"6,222,000",50,"3,100",1,6,미국,미국,
246,존 웨인의 기병대,,"100,000",0.0%,"14,565,000",50,"6,675",1,6,미국,미국,
246,오케이 마담,2020-08-12,"350,000",0.0%,"10,981,950,110",50,"1,229,018",1,1,한국,한국,메가박스중앙(주)플러스엠
246,에듀케이션,2020-11-26,"394,000",0.0%,"8,567,670",50,"1,038",2,18,한국,한국,영화배급협동조합 씨네소파
246,라 트라비아타,2018-03-04,"575,000",0.0%,"21,503,000",50,"1,494",1,1,독일,독일,(주)케빈앤컴퍼니
252,애비규환,2020-11-12,"307,500",0.0%,"207,282,300",49,"22,792",3,12,한국,한국,(주)리틀빅픽쳐스
252,다함께 여름!,2021-10-07,"280,000",0.0%,"280,000",49,49,1,3,프랑스,프랑스,M&M 인터내셔널
254,아이 엠 러브,2011-01-20,"470,000",0.0%,"439,587,406",47,"55,645",1,3,이탈리아,이탈리아,"(주)영화사 진진,(주)영화사 조제"
254,오긴,,"303,000",0.0%,"303,000",47,47,1,2,일본,일본,
256,작은 여우들,,"242,000",0.0%,"1,095,000",46,252,1,3,미국,미국,
256,미스터 로버츠,,"125,000",0.0%,"1,143,000",46,555,1,9,,,
256,그날이 온다,2020-12-09,"46,000",0.0%,"12,201,850",46,"1,361",10,46,영국,영국,(주)제이앤씨미디어그룹
256,세상의 모든 디저트: 러브 사라,2021-02-04,"234,000",0.0%,"528,000",46,75,1,3,영국,영국,(주)티캐스트
256,마미,2014-12-18,"460,000",0.0%,"482,818,544",46,"60,498",1,3,캐나다,"캐나다,프랑스",(주)엣나인필름
256,보물섬,,"242,500",0.0%,"242,500",46,46,1,3,프랑스,프랑스,
262,패터슨,2017-12-21,"450,000",0.0%,"564,386,208",45,"68,178",1,3,프랑스,"프랑스,독일,미국",그린나래미디어(주)
262,편지,,"222,000",0.0%,"348,500",45,100,1,2,미국,미국,
262,지옥의 묵시록 파이널 컷,2020-11-26,"450,000",0.0%,"33,943,630",45,"3,663",1,3,미국,미국,(주)디스테이션
262,봉쇄수도원 카르투시오,2020-11-19,"359,470",0.0%,"40,591,180",45,"4,777",2,22,한국,한국,커넥트픽쳐스(주)
266,귀여운 여인,1990-09-15,"471,000",0.0%,"17,129,000",44,"1,701",3,6,미국,미국,브에나비스타픽쳐스
266,라우더 댄 밤즈,2016-10-27,"381,000",0.0%,"89,664,700",44,"11,187",1,4,노르웨이,"노르웨이,프랑스,덴마크",그린나래미디어(주)
266,작가 미상,2020-02-20,"285,000",0.0%,"107,682,960",44,"13,604",1,1,독일,독일,(주)영화사 진진
266,조난 + 여자 없는 세상,,"224,500",0.0%,"224,500",44,44,1,3,프랑스,프랑스,
266,내일을 위한 시간,2015-01-01,"354,000",0.0%,"344,491,900",44,"42,966",1,4,벨기에,"벨기에,프랑스,이탈리아",그린나래미디어(주)
266,작은 빛,2020-01-23,"220,000",0.0%,"17,283,960",44,"2,261",1,16,한국,한국,(주)시네마달
272,존 윅 3: 파라벨룸,2019-06-26,"372,500",0.0%,"8,234,819,358",43,"1,007,383",2,7,미국,미국,"(주)제이앤씨미디어그룹,TCO(주)더콘텐츠온"
272,바르다가 사랑한 얼굴들,2018-06-14,"430,000",0.0%,"254,037,534",43,"31,524",1,3,프랑스,프랑스,(주)영화사 진진
272,맥추,,"288,000",0.0%,"5,520,000",43,888,1,2,일본,일본,
272,안티고네,2020-11-19,"360,910",0.0%,"89,652,360",43,"10,222",1,9,캐나다,캐나다,"그린나래미디어(주),(주)키다리이엔티"
276,베로니카의 이중생활,1991-11-09,"420,000",0.0%,"32,283,100",42,"3,917",1,3,프랑스,프랑스,"(주)영화사 안다미로,㈜영화사 백두대간"
276,프라미싱 영 우먼,2021-02-24,"210,000",0.0%,"210,000",42,42,1,1,미국,미국,유니버설픽쳐스인터내셔널 코리아(유)
276,춘희,,"84,000",0.0%,"14,175,000",42,"7,113",1,5,미국,미국,
279,방황하는 왕비,,"264,000",0.0%,"264,000",41,41,1,2,일본,일본,
280,원더풀 라이프,2001-12-09,"400,000",0.0%,"181,651,600",40,"22,043",1,3,일본,일본,"(주)영화사 안다미로,(주)라이크콘텐츠,㈜영화사 백두대간"
280,토네르,,"219,000",0.0%,"219,000",40,40,1,2,프랑스,프랑스,
280,기사푸라카스,,"80,000",0.0%,"1,492,000",40,746,1,6,프랑스,프랑스,
283,교실 안의 야크,2020-09-30,"193,470",0.0%,"93,716,210",39,"11,059",2,10,기타,기타,주식회사 슈아픽처스
284,제저벨,,"191,000",0.0%,"478,000",38,98,1,2,,,
285,내셔널 갤러리,2016-08-25,"264,500",0.0%,"45,292,100",37,"4,728",1,1,프랑스,"프랑스,미국",(주)영화사 진진
285,너의 췌장을 먹고 싶어,2017-10-25,"374,300",0.0%,"3,720,979,040",37,"467,962",1,7,일본,일본,(주)넥스트엔터테인먼트월드(NEW)
285,원더,2017-12-27,"370,000",0.0%,"2,031,400,689",37,"267,039",1,2,미국,미국,"CGV아트하우스,그린나래미디어(주)"
285,이별의 아침에 약속의 꽃을 장식하자,2018-07-19,"315,970",0.0%,"329,180,630",37,"39,130",2,3,일본,일본,(주)미디어캐슬
285,7월 이야기,,"171,000",0.0%,"171,000",37,37,1,3,프랑스,프랑스,
290,멜랑콜리아,2012-05-17,"360,000",0.0%,"153,355,123",36,"19,937",1,2,덴마크,"덴마크,스웨덴,이탈리아,독일,프랑스","(주)엣나인필름,(주)팝엔터테인먼트"
291,장고,,"92,500",0.0%,"3,570,500",35,"1,533",1,7,,,
292,4시의 악마,,"68,000",0.0%,"670,000",34,335,1,6,미국,미국,
292,모로코로 가는 길,,"68,000",0.0%,"2,396,000",34,"1,198",1,8,미국,미국,
292,여로,,"68,000",0.0%,"18,470,000",34,"8,991",1,4,미국,미국,
292,글렌 밀러 스토리,,"68,000",0.0%,"4,633,000",34,"2,147",1,6,미국,미국,
296,로맨틱 코미디,2020-12-03,"185,000",0.0%,"5,833,040",33,687,2,19,미국,미국,(주)영화사 안다미로
296,천화,2018-01-25,"297,000",0.0%,"14,170,900",33,"1,776",1,1,한국,한국,(주)맑은시네마
296,"나, 다니엘 블레이크",2016-12-08,"330,000",0.0%,"744,014,460",33,"99,254",1,3,영국,영국,(주)영화사 진진
296,거북섬의 표류자들,,"170,000",0.0%,"170,000",33,33,1,3,프랑스,프랑스,
296,피안화,,"221,000",0.0%,"4,361,332",33,696,1,2,일본,일본,
296,황색리본,,"66,000",0.0%,"6,148,000",33,"2,915",1,4,미국,미국,
296,서칭 포 슈가맨,2012-10-11,"330,000",0.0%,"212,222,100",33,"29,505",1,3,스웨덴,"스웨덴,영국",판씨네마(주)
303,프랭크,2014-09-25,"320,000",0.0%,"419,358,145",32,"53,524",1,3,영국,"영국,아일랜드",(주)영화사 진진
303,퍼스트 러브,2020-12-17,"306,000",0.0%,"34,764,500",32,"3,999",2,12,일본,일본,와이드 릴리즈(주)
305,동주,2016-02-17,"209,000",0.0%,"8,918,954,963",31,"1,176,782",1,5,한국,한국,메가박스중앙(주)플러스엠
306,누구를 위한 반역인가,,"60,000",0.0%,"3,722,000",30,"1,856",1,4,미국,미국,
306,고스트 스토리,2017-12-28,"265,000",0.0%,"73,710,458",30,"8,667",1,4,미국,미국,"(주)리틀빅픽쳐스,주식회사 더쿱"
308,환상의 마로나,2020-06-11,"269,000",0.0%,"57,131,960",29,"6,086",1,7,프랑스,프랑스,찬란
308,미스터트롯: 더 무비,2020-10-22,"58,000",0.0%,"1,288,754,100",29,"150,119",1,6,한국,한국,(주)영화사 그램
308,블루 재스민,2013-09-25,"246,000",0.0%,"1,059,573,500",29,"144,693",3,10,미국,미국,(주)인벤트스톤
308,협상,2018-09-19,"320,000",0.0%,"17,032,453,166",29,"1,967,750",1,7,한국,한국,(주)씨제이이엔엠
308,아듀 필리핀,,"162,000",0.0%,"1,436,000",29,231,1,3,프랑스,"프랑스,이탈리아",
308,"싸이더:애,심",,"83,000",0.0%,"681,000",29,223,1,8,한국,한국,주식회사 씨엠닉스
314,포기와 베스,2020-10-06,"799,900",0.0%,"19,823,900",28,786,6,6,미국,미국,(주) 인스터 글로벌
314,맨느 오세앙,,"152,000",0.0%,"1,930,000",28,302,1,3,프랑스,프랑스,
314,백엔의 사랑,2016-06-16,"228,900",0.0%,"43,097,000",28,"5,752",2,6,일본,일본,주식회사 씨네룩스
314,일대종사,2013-08-22,"201,000",0.0%,"735,468,000",28,"101,711",1,1,중국,중국,CGV아트하우스
318,달려오는 사람들,,"54,000",0.0%,"4,712,000",27,"2,351",1,4,미국,미국,
319,오루에 쪽으로,,"149,000",0.0%,"1,668,000",26,298,1,3,,,
319,인생,1995-05-27,"228,000",0.0%,"3,193,000",26,527,1,5,중국,중국,
319,카일라스 가는 길,2020-09-03,"104,000",0.0%,"71,394,540",26,"9,415",1,5,한국,한국,(주)영화사 진진
319,위플래쉬,2015-03-12,"174,000",0.0%,"13,130,017,665",26,"1,642,410",1,2,미국,미국,"워터홀컴퍼니(주),(주)쇼박스"
319,극장판 미니특공대: 햄버거괴물의 습격,2020-09-30,"214,540",0.0%,"466,063,620",26,"57,883",2,6,한국,한국,(주)리틀빅픽쳐스
324,교수님의 이중생활,2021-01-26,"71,000",0.0%,"71,000",25,25,20,20,한국,한국,(주)영진크리에이티브
324,치와와,2021-07-16,"240,910",0.0%,"423,910",25,48,2,7,일본,일본,(주)미디어캐슬
326,가을 햇살,,"161,000",0.0%,"5,707,000",24,879,1,2,일본,일본,
326,퐁네프의 연인들,1992-04-18,"210,000",0.0%,"68,978,200",24,"8,776",1,8,프랑스,프랑스,오드
326,산딸기 2,1985-02-02,"48,000",0.0%,"3,051,000",24,"1,523",1,4,한국,한국,
326,음악,2021-07-14,"233,400",0.0%,"233,400",24,24,1,6,일본,일본,(주)미디어캐슬
326,media art work screening 열다섯 번째 정기 상영회,,"96,000",0.0%,"96,000",24,24,1,1,한국,한국,
331,뉴욕 라이브러리에서,2018-10-11,"162,000",0.0%,"56,070,600",23,"5,615",1,1,미국,미국,(주)영화사 진진
331,제자리에서 (인디스데이),,"175,000",0.0%,"175,000",23,23,1,7,한국,한국,
331,레이니 데이 인 뉴욕,2020-05-06,"180,500",0.0%,"786,800,200",23,"88,791",3,10,미국,미국,"그린나래미디어(주),(주)버킷스튜디오"
331,당신이 잠든 사이에,1995-05-13,"207,000",0.0%,"16,344,400",23,"1,741",1,4,미국,미국,
331,야생의 순수,,"46,000",0.0%,"5,595,000",23,"2,649",1,4,프랑스,"프랑스,이탈리아,영국",
336,"킬링,",2021-04-07,"194,510",0.0%,"194,510",22,22,2,6,일본,일본,(주)미디어캐슬
336,원 챈스,2014-03-13,"117,000",0.0%,"593,531,100",22,"81,047",1,2,영국,"영국,미국","(주)라이크콘텐츠,(주)넥스트엔터테인먼트월드(NEW)"
336,테스와 보낸 여름,2020-09-10,"88,000",0.0%,"91,106,250",22,"10,214",1,5,네덜란드,네덜란드,(주)팝엔터테인먼트
336,달빛 아래서,,"44,000",0.0%,"4,794,000",22,"2,392",1,3,미국,미국,
340,페이블,2021-07-22,"189,510",0.0%,"189,510",21,21,1,2,일본,일본,"(주)콘텐츠판다,쇼치쿠"
341,섹시한 이웃 자매-무삭제판,,"100,000",0.0%,"100,000",20,20,1,1,한국,한국,(주)나우콘텐츠
341,친구 여동생,2021-01-18,"66,000",0.0%,"66,000",20,20,20,20,한국,한국,(주)영진크리에이티브
341,살아남은 사람들,2021-02-10,"166,500",0.0%,"1,892,500",20,264,1,2,헝가리,헝가리,알토미디어(주)
341,용병: 에라스모를 지켜라,,"100,000",0.0%,"100,000",20,20,1,1,미국,미국,
341,페럴 월드,,"100,000",0.0%,"100,000",20,20,1,1,미국,미국,
346,러브X독,2021-06-16,"169,500",0.0%,"169,500",19,19,2,5,일본,일본,(주)미디어캐슬
346,베이 오브 사일런스,2021-01-14,"23,000",0.0%,"23,000",19,19,5,19,영국,영국,㈜코리아스크린
346,세 아내에게 온 편지,,"38,000",0.0%,"2,246,000",19,955,1,2,미국,미국,
346,고종황제와 의사 안중근,,"38,000",0.0%,"7,525,000",19,"3,754",1,2,한국,한국,
346,머리카락,2020-12-10,"141,000",0.0%,"2,646,670",19,298,2,14,한국,한국,"목영이엔엠,(주)다자인소프트"
346,공포분자,2020-09-17,"129,000",0.0%,"43,489,630",19,"5,621",1,3,기타,기타,(주)에이썸엔터테인먼트
352,아내를 녹여버린 농부,,"90,000",0.0%,"90,000",18,18,1,1,일본,일본,(주)씨맥스커뮤니케이션즈
352,똥값에 팔린 순결: 저를 품어주세요,,"90,000",0.0%,"90,000",18,18,1,1,일본,일본,(주)씨맥스커뮤니케이션즈
352,미망인의 음탕한 냄새: 침묵의 절정,,"90,000",0.0%,"90,000",18,18,1,1,일본,일본,(주)씨맥스커뮤니케이션즈
352,나눠 먹기: 돌려진 처녀성,,"90,000",0.0%,"90,000",18,18,1,1,일본,일본,(주)씨맥스커뮤니케이션즈
352,흑인 도깨비 방망이: 뚝딱 나온 오르가즘,,"90,000",0.0%,"90,000",18,18,1,1,일본,일본,(주)씨맥스커뮤니케이션즈
352,처제 왜 거기서 나와,,"90,000",0.0%,"90,000",18,18,1,1,한국,한국,(주)나우콘텐츠
352,아이들의 시간,,"101,000",0.0%,"139,000",18,26,1,2,미국,미국,
352,잘못 먹은 처제,,"90,000",0.0%,"90,000",18,18,1,1,일본,일본,(주)씨맥스커뮤니케이션즈
352,질풍론도,,"202,970",0.0%,"202,970",18,18,1,4,일본,일본,(주)미디어캐슬
361,홍등,1993-01-01,"142,000",0.0%,"3,466,000",17,703,1,5,중국,중국,
361,블러드하운드,2021-01-07,"101,000",0.0%,"101,000",17,17,5,17,미국,미국,(주)퍼스트런
363,도둑까치,2020-11-03,"240,000",0.0%,"3,965,600",16,153,3,3,이탈리아,이탈리아,일미디어
363,"소년, 소녀를 만나다",1996-01-13,"187,000",0.0%,"7,853,000",16,"1,015",1,1,프랑스,프랑스,오드
363,제국,1997-11-01,"16,000",0.0%,"36,000",16,36,4,16,중국,중국,(주)제이앤씨미디어그룹
363,붉은 수수밭,1989-09-09,"145,000",0.0%,"8,356,000",16,"2,597",1,4,중국,중국,
367,빅 트리,,"37,500",0.0%,"1,105,500",15,540,1,3,미국,미국,
367,프란츠,2017-07-20,"94,000",0.0%,"153,137,300",15,"21,032",1,2,프랑스,프랑스,찬란
367,포획,,"71,000",0.0%,"302,000",15,59,1,2,미국,미국,
367,도망친 여자,2020-09-17,"130,000",0.0%,"86,558,240",15,"10,282",1,7,한국,한국,"(주)영화제작전원사 ,(주)콘텐츠판다"
371,"설악, 산양의 땅 사람들",,"70,000",0.0%,"217,000",14,35,1,1,한국,한국,
371,1월 수요단편극장-인디스토리 쇼케이스: 사랑을 들여다보는 방법,,"112,000",0.0%,"112,000",14,14,1,1,한국,한국,
373,"조제, 호랑이 그리고 물고기들",2004-10-29,"118,000",0.0%,"523,163,636",13,"76,019",2,4,일본,일본,"(주)디스테이션,(주)프레인글로벌,(주)스폰지이엔티"
373,애니멀 크래커,2020-08-05,"66,000",0.0%,"1,028,925,740",13,"129,701",1,1,미국,미국,(주)이수C&E
373,나의 인생여행,2020-12-10,"65,000",0.0%,"4,822,210",13,603,1,13,영국,영국,(주)라이크콘텐츠
373,버든: 세상을 바꾸는 힘,2020-11-25,"13,000",0.0%,"18,780,570",13,"2,281",1,13,미국,미국,(주)제이앤씨미디어그룹
377,산티아고의 흰 지팡이,2020-03-19,"79,000",0.0%,"22,524,270",12,"3,452",1,13,한국,한국,제이리미디어
377,8년을 뛰어넘은 신부,2021-05-07,"86,470",0.0%,"86,470",12,12,1,4,일본,일본,(주)미디어캐슬
377,나의 사적인 여자친구,2015-01-08,"75,000",0.0%,"78,986,355",12,"9,971",1,3,프랑스,프랑스,찬란
380,보드랍게,,"55,000",0.0%,"662,000",11,116,1,1,한국,한국,(주)인디플러그
380,맹크,2020-11-18,"109,000",0.0%,"36,063,560",11,"4,036",1,1,미국,미국,메가박스중앙(주)플러스엠
380,운명,,"111,600",0.0%,"509,400",11,87,2,3,일본,일본,(주)미디어캐슬
380,귀주 이야기,1994-10-08,"108,000",0.0%,"2,855,000",11,490,1,4,중국,중국,
380,인 더 하우스,2013-07-04,"67,500",0.0%,"131,260,200",11,"18,012",1,2,프랑스,프랑스,찬란
385,토네이도 걸,,"107,000",0.0%,"280,000",10,32,2,5,일본,일본,
385,새벽을 알리는 루의 노래,2018-01-31,"100,000",0.0%,"75,229,800",10,"9,096",1,2,일본,일본,(주)미디어캐슬
385,반교: 디텐션,2020-08-13,"68,000",0.0%,"326,445,250",10,"36,415",1,3,기타,기타,(주)팝엔터테인먼트
385,스페셜 솔져,2020-12-22,"10,000",0.0%,"33,000",10,33,2,10,폴란드,폴란드,(유)조이앤시네마
385,고급창녀,2021-01-21,"10,000",0.0%,"10,000",10,10,8,10,한국,한국,(주)케이알씨지
390,피가로의 결혼,2020-05-01,"315,000",0.0%,"14,010,500",9,539,1,2,이탈리아,이탈리아,일미디어
391,몽마르트 파파,2020-01-09,"72,000",0.0%,"52,793,970",8,"7,187",1,4,한국,한국,(주)트리플픽쳐스
391,14의 밤,,"78,770",0.0%,"458,770",8,84,1,3,일본,일본,
391,"안녕, 티라노: 영원히, 함께",2019-08-14,"76,000",0.0%,"1,591,095,230",8,"203,675",1,4,한국,한국,(주)넥스트엔터테인먼트월드(NEW)
391,탱크 투 베를린,2020-12-23,"8,000",0.0%,"1,498,740",8,204,1,8,러시아,러시아,(주)제이앤씨미디어그룹
391,매춘: 은밀한 제안들,2021-01-29,"8,000",0.0%,"8,000",8,8,8,8,한국,한국,(주)케이알씨지
396,판초에 새벽 바람을 품고,,"72,300",0.0%,"256,300",7,37,1,3,일본,일본,
396,아빠는 악당챔피언,,"72,000",0.0%,"72,000",7,7,2,3,일본,일본,
396,증발,2020-11-12,"63,000",0.0%,"29,723,300",7,"4,078",1,3,한국,한국,㈜인디스토리
399,미드나잇 버스,2021-02-04,"59,500",0.0%,"59,500",6,6,1,2,일본,일본,(주)라이크콘텐츠
399,극장판 포켓몬스터 뮤츠의 역습 EVOLUTION,2020-09-30,"43,000",0.0%,"780,592,310",6,"97,398",1,4,일본,일본,(주)이수C&E
399,모호한 욕망의 대상,,"54,000",0.0%,"54,000",6,6,1,1,한국,한국,
399,두 개의 사랑,2017-12-28,"34,000",0.0%,"92,255,900",6,"11,690",1,2,프랑스,프랑스,(주)팝엔터테인먼트
403,살기 위하여,2009-04-16,"25,000",0.0%,"5,304,600",5,892,1,1,한국,한국,시네마달
403,하나와 앨리스,2004-11-17,"36,000",0.0%,"590,361,000",5,"92,933",1,1,일본,일본,"(주)미디어캐슬,(주)팝엔터테인먼트,쇼이스트(주)"
403,마티아스와 막심,2020-07-23,"60,000",0.0%,"112,592,420",5,"12,531",1,1,캐나다,캐나다,(주)엣나인필름
403,너는 착한 아이,2016-03-24,"42,000",0.0%,"42,109,300",5,"5,707",1,5,일본,일본,(주)디스테이션
403,바람바람,2021-01-20,"6,000",0.0%,"6,000",5,5,5,5,한국,한국,(주)룬컴퍼니
408,"오늘, 우리",2019-10-31,"28,000",0.0%,"7,699,600",4,"1,044",1,3,한국,한국,필름다빈
408,프리키 데스데이,2020-11-25,"35,000",0.0%,"451,260,690",4,"51,816",1,3,미국,미국,유니버설픽쳐스인터내셔널 코리아(유)
408,영 앤 뷰티풀,2013-12-05,"28,000",0.0%,"50,849,600",4,"6,696",1,1,프랑스,프랑스,찬란
408,성혜의 나라,2020-01-30,"36,000",0.0%,"15,651,980",4,"2,124",1,1,한국,한국,아이 엠
412,라 트라비아타,,"105,000",0.0%,"105,000",3,3,1,2,이탈리아,이탈리아,일미디어
413,바이올렛 에버가든 – 영원과 자동 수기 인형 -,2020-03-26,"19,000",0.0%,"110,279,370",2,"12,479",1,2,일본,일본,(주)라이크콘텐츠
413,고양이 집사,2020-05-14,"18,000",0.0%,"25,573,440",2,"2,990",1,1,한국,한국,㈜인디스토리
413,총을 들지 않는 사람들: 금기에 도전,2021-12-09,"10,000",0.0%,"115,000",2,17,1,1,한국,한국,(주)스튜디오 보난자
413,스카이와 친구들: 로보시티의 비밀,2020-12-10,"16,800",0.0%,"14,576,680",2,"1,759",1,1,기타,기타,와이드 릴리즈(주)
417,파이널 리벤지,2021-01-09,"1,000",0.0%,"1,000",1,1,1,1,터키,터키,(주)스토리제이
417,나쁜남자:남편 앞에서 당하다,2021-01-13,"6,000",0.0%,"6,000",1,1,1,1,일본,일본,(주)영진크리에이티브
417,율이와 슬이,,"6,000",0.0%,"6,000",1,1,1,1,한국,한국,(주)메이크아트
417,원나잇 : 어플 만남의 목적,2021-01-15,"6,000",0.0%,"6,000",1,1,1,1,일본,일본,(주)온비즈넷
417,자매의교환섹스2-무삭제,2021-01-20,"5,000",0.0%,"5,000",1,1,1,1,한국,한국,에이원 미디어
417,예쁜 리포터,2021-01-29,"6,000",0.0%,"6,000",1,1,1,1,한국,한국,(주)액티버스엔터테인먼트
417,월세 대신 몸을 요구하는 여주인,2021-01-19,"6,000",0.0%,"6,000",1,1,1,1,일본,일본,(주)영진크리에이티브
417,욕구불만녀:누구라도 오케이,2021-01-19,"6,000",0.0%,"6,000",1,1,1,1,일본,일본,(주)영진크리에이티브
417,새엄마들:대물이 필요해,2021-01-19,"6,000",0.0%,"6,000",1,1,1,1,일본,일본,(주)영진크리에이티브
417,쌓여버린 욕정:너무 하고싶어요,2021-01-19,"6,000",0.0%,"6,000",1,1,1,1,일본,일본,(주)영진크리에이티브
417,A형젖큰여자친구,2021-01-29,"5,000",0.0%,"5,000",1,1,1,1,한국,한국,스마일컨텐츠
417,SNS 러브,2021-01-28,"1,000",0.0%,"1,000",1,1,1,1,미국,미국,컴퍼니 엘론(주)
417,새엄마의 섹스 스캔들,2021-01-25,"6,000",0.0%,"6,000",1,1,1,1,일본,일본,(주)영진크리에이티브
417,음란한 회의실:신입 여직원과,2021-01-25,"6,000",0.0%,"6,000",1,1,1,1,일본,일본,(주)영진크리에이티브
417,뜨거운 방판녀:농익은 영업기술,2021-01-25,"6,000",0.0%,"6,000",1,1,1,1,일본,일본,(주)영진크리에이티브
417,괜찮아 몽정이야,2021-01-25,"1,000",0.0%,"1,000",1,1,1,1,한국,한국,윤스
417,달콤한 처제,2021-01-25,"1,000",0.0%,"1,000",1,1,1,1,한국,한국,윤스
417,러브액츄얼리: 크리스마스 에디션,2013-12-18,"8,000",0.0%,"250,185,647",1,"32,741",1,1,미국,"미국,영국",(주)팝엔터테인먼트
417,캡틴 판타스틱,2016-11-30,"8,000",0.0%,"123,939,700",1,"16,187",1,1,미국,미국,"(주)팝엔터테인먼트,주식회사 더쿱"
417,나쁜 섹스 : 그놈에게 당한 날 무삭제,2021-01-19,"6,000",0.0%,"6,000",1,1,1,1,한국,한국,(주)영화사가을
417,착한 형부 무삭제,2021-01-26,"6,000",0.0%,"6,000",1,1,1,1,한국,한국,(주)영화사가을
417,엄마의 사랑 무삭제,2021-01-12,"6,000",0.0%,"6,000",1,1,1,1,한국,한국,(주)영화사가을
417,바람피기 좋은 하루 무삭제,2021-01-26,"6,000",0.0%,"6,000",1,1,1,1,한국,한국,(주)영화사가을
417,연애 : 아빠친구 무삭제,2021-01-12,"6,000",0.0%,"6,000",1,1,1,1,한국,한국,(주)영화사가을
417,맛있는 동거 2 무삭제,2021-01-18,"6,000",0.0%,"6,000",1,1,1,1,한국,한국,(주)영화사가을
417,완벽한 여자 무삭제판,,"6,000",0.0%,"6,000",1,1,1,1,한국,한국,(주)영진크리에이티브
417,개인교수 : 세 여자의 섹스수업,2021-01-01,"6,000",0.0%,"6,000",1,1,1,1,한국,한국,(주)영화사가을
417,삼촌의 여자들 무삭제,2021-01-07,"6,000",0.0%,"6,000",1,1,1,1,한국,한국,(주)영화사가을
417,패티쉬 : 흥분한 남자들,2021-01-01,"6,000",0.0%,"6,000",1,1,1,1,한국,한국,(주)영화사가을
417,화끈한 미용실 무삭제,2021-01-02,"6,000",0.0%,"6,000",1,1,1,1,한국,한국,(주)영화사가을
417,어린 구멍 - 무삭제판,2021-01-21,"1,000",0.0%,"1,000",1,1,1,1,한국,한국,(주)컨텐츠 빌리지
417,무적 철교삼,,"1,000",0.0%,"1,000",1,1,1,1,중국,중국,(주)위즈덤필름
417,성적은 크기순이 아니잖아,2021-01-28,"1,000",0.0%,"1,000",1,1,1,1,한국,한국,(주)컨텐츠 빌리지
417,남친을 훔치는 완벽한 방법,2021-01-20,"2,000",0.0%,"2,000",1,1,1,1,한국,한국,P&미디어
417,웬디고: 전설의 몬스터,2021-01-25,"1,000",0.0%,"1,000",1,1,1,1,미국,미국,(주)영화사 안다미로
417,자매 : 탐스러운 가슴,2021-01-01,"6,000",0.0%,"6,000",1,1,1,1,한국,한국,(주)영화사가을
417,O형수박가슴가정부,2021-01-08,"5,000",0.0%,"5,000",1,1,1,1,한국,한국,스마일컨텐츠
417,다 해주는 친구엄마,2021-01-08,"6,000",0.0%,"6,000",1,1,1,1,일본,일본,(주)영진크리에이티브
417,그녀의 은밀한 아르바이트,2021-01-04,"6,000",0.0%,"6,000",1,1,1,1,일본,일본,(주)영진크리에이티브
417,음탕한 슬렌더 그녀,2021-01-05,"6,000",0.0%,"6,000",1,1,1,1,일본,일본,(주)빅콘미디어
417,가슴이 이쁜 그녀와 섹스판타지,2021-01-05,"6,000",0.0%,"6,000",1,1,1,1,일본,일본,(주)빅콘미디어
417,음탕한 유부녀의 밀회,2021-01-04,"6,000",0.0%,"6,000",1,1,1,1,일본,일본,(주)영진크리에이티브
417,음란한 유부녀들:남편친구와 정사,2021-01-04,"6,000",0.0%,"6,000",1,1,1,1,일본,일본,(주)영진크리에이티브
417,바람난 아내:남편상사와 아찔한 섹스,2021-01-04,"6,000",0.0%,"6,000",1,1,1,1,일본,일본,(주)영진크리에이티브
417,섹귀 : 섹스에 미친 귀신들,2021-01-06,"6,000",0.0%,"6,000",1,1,1,1,한국,한국,주식회사 플릭스코
417,내여자에게 남자가 생겼다,2021-01-28,"6,000",0.0%,"6,000",1,1,1,1,한국,한국,(주)디에이치미디어
417,친구엄마들 3,2021-01-05,"6,000",0.0%,"6,000",1,1,1,1,한국,한국,(주)영화사가을
417,가슴큰친구누나들-무삭제,2021-01-06,"5,000",0.0%,"5,000",1,1,1,1,한국,한국,스마일컨텐츠
417,온천장 붕가붕가,2021-01-06,"1,000",0.0%,"1,000",1,1,1,1,일본,일본,주식회사 미콘
417,D컵여자친구-무삭제,2021-01-13,"5,000",0.0%,"5,000",1,1,1,1,한국,한국,스마일컨텐츠
417,구멍새댁,2021-01-11,"6,000",0.0%,"6,000",1,1,1,1,한국,한국,(주)영화사가을
417,김비서는 정말 왜 그럴까? - 무삭제판,2021-01-13,"1,000",0.0%,"1,000",1,1,1,1,한국,한국,(주)컨텐츠 빌리지
417,형수 길들이기 - 무삭제판,2021-01-27,"1,000",0.0%,"1,000",1,1,1,1,한국,한국,(주)컨텐츠 빌리지
417,외출 3 무삭제,2021-01-02,"6,000",0.0%,"6,000",1,1,1,1,한국,한국,(주)영화사가을
417,이스트 드래곤: 고대 왕릉의 비밀,,"1,000",0.0%,"1,000",1,1,1,1,중국,중국,
417,스와핑 : 내 아내의 친구 무삭제,2021-01-19,"6,000",0.0%,"6,000",1,1,1,1,한국,한국,(주)영화사가을
417,고독의 의리,2021-01-15,"6,000",0.0%,"6,000",1,1,1,1,일본,일본,(주)영진크리에이티브
417,버스납치,2021-01-15,"6,000",0.0%,"6,000",1,1,1,1,일본,일본,(주)영진크리에이티브
417,쾌락마사지:낯선 남자들의 손기술,2021-01-08,"6,000",0.0%,"6,000",1,1,1,1,일본,일본,(주)영진크리에이티브
417,내 아내의 스캔들,2021-01-08,"6,000",0.0%,"6,000",1,1,1,1,일본,일본,(주)영진크리에이티브
417,젊은형수:한 번 해볼래?,2021-01-08,"6,000",0.0%,"6,000",1,1,1,1,일본,일본,(주)영진크리에이티브
478,장군의 아들,1990-06-09,0,0.0%,"5,959,000",0,"2,974",1,2,한국,한국,
478,투캅스,1993-12-18,0,0.0%,"220,000",0,41,1,2,한국,한국,
478,후쿠오카,2020-08-27,0,0.0%,"44,039,020",0,"5,447",1,1,한국,한국,"(주)률필름,㈜인디스토리"
478,주유소 습격사건,1999-10-02,0,0.0%,0,0,0,1,1,한국,한국,(주)시네마서비스
478,야구소녀,2020-06-18,0,0.0%,"319,360,720",0,"37,409",1,1,한국,한국,"(주)싸이더스,찬란"
478,여고괴담,1998-05-30,0,0.0%,"274,500",0,41,1,1,한국,한국,
합계,,,"15,793,377,040",,"724,306,492,023","1,786,117","89,585,109","15,028","223,012",,,
